,Database Administrator,Product Manager,Data Analyst,Business Analyst,Data Scientist,Data Architect,Data Engineer
0,database,product,data,business,analytics,architecture,data
1,backup,market,health,requirement,statistical,data,stack
2,server,strategy,creative,document,mathematics,strategy,aws
3,dba,manager,ad,analyst,analysis,architect,azure
4,configuration,plan,use,analysis,statistic,network,pipeline
5,certification,pricing,office,test,advanced,implementation,setting
6,storage,team,including,time,engineering,standard,technology
7,performs,responsibility,development,functional,science,ensure,variety
8,implementation,new,quality,within,computer,system,mining
9,maintaining,direct,ability,position,model,technical,computer
10,general,cycle,client,implementing,optimization,development,algorithm
11,federal,develop,analyst,enterprise,operation,new,university
12,production,life,reporting,process,personnel,management,accredited
13,microsoft,brand,using,solution,research,computational,processing
14,maintenance,launch,around,end,discipline,service,college
15,able,sale,program,user,analytic,enterprise,science
16,provides,execute,telephone,application,method,open,implement
17,include,developing,software,department,medium,design,test
18,support,work,prepare,best,quantitative,model,client
19,must,research,agency,project,network,position,four
20,sql,design,report,specification,digital,similar,language
21,analysis,driving,support,planning,also,language,big
22,testing,knowledge,play,consistent,learning,experience,multiple
23,enterprise,marketing,manufacturing,well,financial,ongoing,programming
24,integration,position,analyze,expected,social,phd,minimum
25,recovery,broad,insurance,basis,conduct,firm,engineering
26,manager,experience,general,valid,using,vendor,bachelor
27,performance,present,combination,development,technique,predictive,related
28,skill,partner,control,system,plus,study,architect
29,implement,expected,executive,year,time,availability,field
