,Product Manager,Data Scientist,Business Analyst,Database Administrator
0,products,science,requirements,database
1,product,statistics,business,sql
2,sales,data,document,server
3,strategy,mathematics,analysis,maintenance
4,revenue,analysis,interface,tuning
5,strategies,conduct,implementing,general
6,strategic,minimum,cases,implementation
7,develop,computer,plans,include
8,market,social,within,monitoring
9,pricing,quantitative,enterprise,maintaining
10,new,phd,technology,production
11,team,learning,position,design
12,roadmap,algorithms,analyst,databases
13,manager,plus,needs,support
14,opportunities,advanced,process,configuration
15,demonstrated,media,time,development
16,enable,research,documents,dba
17,plan,machine,using,enterprise
18,includes,statistical,current,responsible
19,growth,relevant,departments,security
20,responsible,digital,functional,performance
21,distribution,decision,technical,administrator
22,direct,degree,finance,duties
23,value,engineering,diagrams,performs
24,leading,models,use,teams
25,improve,methods,developing,application
26,first,time,develop,software
27,cycle,discipline,data,procedures
28,engineering,background,planning,expertise
29,expected,well,state,work
