,Product Manager,Data Scientist,Business Analyst,Database Administrator,Data Engineer
0,product,analytics,requirement,database,data
1,market,statistic,business,backup,kpmg
2,strategy,mathematics,analyst,storage,azure
3,sale,analysis,user,server,aws
4,pricing,advanced,document,general,stack
5,develop,statistical,end,testing,pipeline
6,team,science,translate,update,setting
7,customer,engineering,specification,performs,variety
8,target,clinical,analysis,duty,mining
9,cycle,computer,interface,include,computer
10,concept,analytic,process,maintaining,university
11,new,personnel,technical,security,accredited
12,responsibility,master,using,sql,technology
13,life,plus,cycle,configuration,algorithm
14,plan,method,enterprise,procedure,college
15,demonstrated,data,gathering,architect,processing
16,support,decision,implementing,issue,science
17,developing,medium,life,enterprise,client
18,manager,network,state,integration,test
19,research,optimization,current,tuning,implement
20,knowledge,quantitative,design,manager,engineering
21,broad,machine,solution,implementation,four
22,work,digital,technology,skill,language
23,present,also,field,able,year
24,partner,training,diagram,technical,multiple
25,expected,conduct,rule,software,big
26,base,social,gather,hardware,programming
27,engineering,learning,wide,required,minimum
28,need,financial,staff,engineering,bachelor
29,front,technique,functional,ability,related
30,identifying,related,creating,must,field
31,deep,time,developer,tool,two
32,success,minimum,application,recovery,degree
33,content,field,front,work,architect
34,story,discipline,act,design,experience
35,technical,key,used,analysis,plan
36,ability,well,implementation,certification,physical
37,function,operation,owner,administration,physic
38,execute,research,definition,better,performs
39,experience,model,answer,creates,phd
40,line,using,improvement,system,passion
41,must,computational,mining,plan,owner
42,lifecycle,degree,activity,maintenance,package
43,cross,enable,providing,day,part
44,design,experience,risk,performance,participate
45,training,visualization,question,perform,partner
46,understanding,translate,internal,installation,party
47,platform,used,experience,monitoring,people
48,position,relationship,supporting,level,phase
49,tool,group,various,dba,perform
