,Product Manager,Data Engineer,Business Analyst,Data Scientist,Data Architect,Database Administrator,Data Analyst
0,sales,data,requirements,statistics,services,database,data
1,product,azure,credit,mathematics,architecture,tuning,clinical
2,develop,aws,business,science,availability,installation,program
3,manager,pipelines,translate,analytics,integration,sql,health
4,strategies,variety,analysis,engineering,data,performance,ad
5,revenue,mining,end,masters,network,maintenance,providing
6,products,computer,specifications,methods,projects,administration,year
7,strategy,algorithms,time,operations,implementation,issues,analysis
8,strategic,university,document,computer,strategy,monitoring,assess
9,pricing,accredited,within,learning,experience,dba,evaluate
10,market,processing,development,research,years,include,analyze
11,marketing,science,position,machine,software,server,related
12,plans,college,gathering,clinical,architect,security,experience
13,customer,client,project,phd,development,configuration,quality
14,responsible,test,enterprise,related,bi,implementation,metrics
15,new,languages,analyst,personnel,etl,software,analyst
16,plan,four,high,two,tools,including,outcomes
17,roadmap,implement,users,analytic,database,oracle,field
18,includes,technology,equivalent,physics,recommendations,databases,information
19,enable,engineering,solution,optimization,warehouse,troubleshooting,logical
20,growth,big,appropriate,experience,documentation,testing,potential
21,value,multiple,deliverables,also,strategic,perform,bachelor
22,direct,programming,consistent,background,ongoing,general,degree
23,management,minimum,cycle,translate,develop,maintaining,accounting
24,opportunities,years,processes,years,documents,availability,along
25,leading,technologies,approach,financial,user,structured,provide
26,cycle,bachelor,expected,ms,creation,aspects,creating
27,improve,related,valid,using,staff,design,approaches
28,work,field,basis,algorithms,optimization,new,physical
29,life,degree,improvements,techniques,implement,hardware,team
30,identifying,experience,gather,advanced,leading,certified,reporting
31,base,two,analysts,statistical,design,evaluation,designs
32,performance,architect,wide,key,leadership,administrator,service
33,initiatives,plans,interface,analysis,computer,analysis,media
34,deep,plan,act,field,production,environments,guidance
35,stories,potential,front,computational,related,problems,creative
36,success,partners,staff,degree,clients,technical,methodology
37,services,passion,departments,enable,provides,systems,leadership
38,line,physical,used,groups,science,backup,principles
39,content,planning,process,university,field,related,assigned
40,team,possess,life,visualization,environment,enterprise,components
41,partner,patterns,works,accredited,ensure,assist,teams
42,developing,position,implementing,college,technical,work,database
43,research,people,managers,used,need,support,full
44,implementation,performance,area,minimum,within,microsoft,responsible
45,cross,perform,determine,understand,degree,planning,platform
46,driving,phd,meet,relationships,business,engineering,performance
47,knowledge,performing,using,relevant,strategies,recovery,study
48,requirements,physics,definition,data,solution,expertise,clients
49,understanding,person,related,questions,bachelor,activities,improvement
