,Data Architect,Data Analyst,Business Analyst,Data Scientist,Data Engineer,Product Manager,Database Administrator
0,service,data analyst,business,statistic,data,product,database
1,firm,analyst,analyst,mathematics,stack,strategy,implementation
2,availability,data,requirement,master degree,aws,market,dba
3,data,finance,business analyst,master,azure,revenue,procedure
4,integration,client,business requirement,learning,data processing,sale,maintenance
5,strategy,determine,system,science,degree accredited,team,database design
6,year experience,ability,analysis,minimum,pipeline,strategic,sql
7,development,software,technical,computer science,setting,new,recovery
8,implementation,including,business analysis,analysis,accredited college,plan,assist
9,architecture,across,consistent,machine learning,computer engineering,pricing,design implementation
10,year,telephone,business system,statistic mathematics,college university,new product,design
11,project,combination education,process,machine,science computer,team develop,application
12,software,equivalent combination,detailed,computer,technology,develop,backup
13,experience,role,time,clinical,data mining,includes,administration
14,mathematics statistic,agency,program,social medium,variety,experience developing,support
15,intelligence,related field,gathering,model,mining,direct,system
16,lead,field,information technology,phd,computer,manager,production
17,mathematics,play,field preferred,discipline,algorithm,life cycle,provides
18,new,executive,solution,analytics,university,cycle,software
19,statistic,proficiency,technical business,advanced,accredited,development,installation
20,science,insurance,document,quantitative,processing,responsibility,hardware
21,technology,life cycle,documentation,medium,college,life,database administration
22,computational,combination,year,engineering computer,engineering related,roadmap,performance
23,statistic computer,office,review,network,science,enable,microsoft
24,data architecture,general,expected,digital,data science,development implementation,including
25,answer question,development,valid,mathematics statistic,test,develop new,implement
26,azure,bachelor degree,basis,statistical analysis,programming language,growth,testing
27,statistic related,apply,development,data,client,value,perform
28,engineering mathematics,cycle,information,degree,field minimum,marketing,information
29,automation,record,state,around,four year,leading,equivalent work
30,tool,software development,user,social,four,developing,upgrade
31,enterprise,creative,technology,conduct,implement,improve,performance tuning
32,system,bachelor,including,data scientist,language,research,responsible
33,similar,work,creating,operation research,engineering,broad,monitor
34,field year,using,workflow,scientist,big data,present,knowledge
35,data modeling,seeking,determine,plus,big,product design,compliance
36,language,necessary,technical product,time,multiple,knowledge,structured
37,bi,field equivalent,design,decision,programming,expected,policy
38,experience data,education,preferred,well,minimum,front,development team
39,computer science,develop,experience,algorithm,year,product strategy,database administrator
40,phd,related,project,statistical,related field,work,aspect
41,etl,state,approach,engineering,bachelor degree,opportunity,architect
42,enterprise data,degree business,business process,computational,computer science,performance,best practice
43,predictive,life,meet,relevant,bachelor,design,ba
44,study,state local,life cycle,degree statistic,related,responsible,field equivalent
45,business intelligence,degree,function,training,field,demonstrated,tuning
46,microsoft,experience,cycle,responsible,degree,execute,improve
47,computer,etc,infrastructure,related field,experience,function,work experience
48,appropriate,local,specific,field,two year,service,system design
49,answer,within,language,operation,two,concept,candidate
50,conduct,stakeholder,existing,enable,architect,product manager,administrator
51,processing,required,best,field minimum,year experience,experience,evaluation
52,machine learning,also,related,relevant experience,potential,implementation,technology
53,field,support,within,two year,pattern,must,structure
54,machine,use,related technical,research,passion,platform,oracle
55,server,industry,demonstrated,year relevant,power,requirement,security
56,question,programming,providing,science statistic,posse,management,information technology
57,existing,standard,relevant,translate,practice,support,specification
58,technique,must,technical field,working,predictive,position,function
59,learning,key,life,used,party,communication,group
60,science engineering,mathematics,manager,visualization,post,within,configuration
61,position,level,position,two,person,technical,standard
62,relevant,equivalent,concept,physic,position,engineering,best
63,expertise,help,role,accredited college,plan,ability,related field
64,statistical,position,closely,relationship,performs,software,planning
65,platform,around,need,college university,phase,user,practice
66,data science,maintain,responsible,method,phd,qa,development
67,modeling,application,management system,group,physic,audience,science related
68,using,research,modeling,related,physical,grow,maintain
69,degree computer,sa,required,background,preferably,user experience,environment
70,analytics,analytics,seeking,university,performing,package,platform
71,business,master,analyzing,accredited,planning,scope,work
72,management,field required,computer,collaborate,policy,launch,architecture
73,data management,design,management,college,performance tuning,communication skill,team
74,data warehouse,requirement,field,understand,platform,product development,computer science
75,warehouse,solution,develop,developing,play,every,strong
76,related field,looking,using,develop,plus,execution,equivalent
77,concept,economics,responsibility,entry,performance,gathering,computer
78,organization,broad,degree computer,strong,personnel,vision,related
79,agile,idea,department,information,people,delivery,science
80,architect,contribute,degree,ability,perform,internal,field
81,non,experience developing,multiple,providing,ability,collaborate,comprehensive
82,store,forecasting,end user,experience,preferred,build,higher
83,team,every,associate,data science,prepare,help,seeking
84,engineering,base,perform,year,prototype,client,successful
85,assist,outcome,technical requirement,level,proven,level,addition
86,related,full,support,tool,provide,lead,management
87,development implementation,history,work,statistic computer,provide technical,use,monitoring
88,overall,computer,candidate,deep,provides,strong,availability
89,data model,care,implementing,field preferred,providing,working,stored
90,technical,growth,use case,growing,python,skill,wide
91,plan,ability develop,business technical,solve,qa,process,vendor
92,senior,compliance,configuration,seeking,qualified,task,highly
93,degree,job,recommendation,data set,qualified applicant,partner,activity
94,responsibility,enterprise,staff,join,quality,vendor,maintaining
95,design implementation,technology related,future state,applied,quantitative,part,state art
96,operational,qualified,senior,creating,quantitative field,participate,art
97,master,contractor,method,predictive,query,participates,needed
98,practice,healthcare,appropriate,production,question,passion,must
99,application,opportunity,deliver,set,race,party,development implementation
