,Product Manager,Data Scientist,Data Engineer,Business Analyst,Database Administrator
0,products,statistics,data,requirements,database
1,product,mathematics,kpmg,business,sql
2,revenue,science,azure,end,dba
3,strategy,computer,aws,analysis,server
4,strategies,quantitative,pipelines,translate,microsoft
5,new,analysis,variety,analyst,performance
6,marketing,minimum,mining,processes,support
7,strategic,social,computer,specifications,administrator
8,develop,learning,university,applications,oracle
9,sales,degree,accredited,document,tuning
10,plan,research,algorithms,enterprise,maintaining
11,cycle,applied,college,gathering,provides
12,pricing,models,processing,works,configuration
13,life,master,science,definition,experience
14,manager,machine,client,users,procedures
15,team,phd,test,functional,certification
16,roadmap,discipline,languages,process,backup
17,growth,statistical,four,status,hands
18,plans,data,implement,techniques,enterprise
19,market,media,technology,organizational,recovery
20,execute,engineering,multiple,cycle,supporting
21,lifecycle,conduct,big,user,duties
22,developing,digital,engineering,design,storage
23,research,physics,programming,improvements,performs
24,includes,decision,minimum,staff,production
25,enable,operations,years,gather,databases
26,responsible,time,technologies,owners,general
27,value,plus,bachelor,life,skills
28,knowledge,algorithms,related,used,technical
29,leading,advanced,field,wide,able
30,opportunities,well,degree,interface,required
31,experience,health,experience,act,include
32,broad,years,architect,workflow,availability
33,improve,masters,two,value,creates
34,present,methods,person,state,must
35,expected,modeling,personnel,front,assists
36,front,two,phd,departments,installation
37,demonstrated,analytics,physical,using,structures
38,managers,experience,physics,across,integration
39,concepts,background,python,area,optimization
40,performance,university,providing,questions,manager
41,platform,accredited,provides,technology,desired
42,development,college,plan,implementing,testing
43,work,computational,planning,internal,groups
44,services,sciences,provide,supporting,designing
45,manage,understand,performs,technical,environments
46,also,relevant,performance,develop,implementation
47,must,predictive,performing,various,troubleshooting
48,design,related,platform,project,certified
49,overall,strong,perform,help,building
